# DC ODMR, one dec-1024 buffer per point, 2026-07-16T12:37:54, power_dBm=16.0, fs_Hz=122070.3
freq_MHz,V_2ms,V_8ms,V_20ms,V_100ms
2850.0000,0.1568910,0.1569061,0.1569557,0.1570142
2850.1000,0.1568570,0.1568498,0.1568620,0.1568667
2850.2000,0.1568750,0.1568629,0.1568265,0.1568196
2850.3000,0.1568780,0.1568564,0.1568479,0.1568320
2850.4000,0.1567770,0.1568064,0.1568169,0.1569183
2850.5000,0.1567895,0.1567866,0.1567999,0.1568840
2850.6000,0.1569871,0.1569659,0.1569414,0.1568395
2850.7000,0.1567800,0.1568132,0.1568062,0.1567903
2850.8000,0.1567625,0.1567386,0.1567475,0.1567469
2850.9000,0.1567510,0.1567445,0.1567554,0.1568235
2851.0000,0.1567265,0.1567241,0.1567322,0.1567351
2851.1000,0.1566795,0.1566798,0.1566673,0.1567047
2851.2000,0.1566540,0.1566924,0.1566956,0.1566917
2851.3000,0.1567115,0.1567547,0.1567552,0.1567642
2851.4000,0.1567080,0.1566747,0.1566734,0.1566956
2851.5000,0.1567045,0.1566841,0.1566697,0.1566888
2851.6000,0.1566975,0.1566903,0.1566748,0.1567300
2851.7000,0.1566705,0.1566651,0.1566514,0.1566963
2851.8000,0.1567800,0.1567711,0.1567614,0.1566588
2851.9000,0.1567120,0.1566857,0.1566926,0.1567047
2852.0000,0.1566605,0.1566324,0.1566308,0.1566345
2852.1000,0.1566200,0.1566195,0.1566282,0.1565748
2852.2000,0.1565760,0.1566049,0.1565727,0.1565971
2852.3000,0.1565495,0.1565335,0.1565581,0.1566045
2852.4000,0.1566545,0.1566275,0.1566131,0.1565592
2852.5000,0.1566010,0.1565823,0.1565827,0.1565832
2852.6000,0.1566820,0.1566797,0.1566814,0.1565609
2852.7000,0.1564800,0.1565061,0.1565156,0.1565752
2852.8000,0.1564710,0.1565176,0.1565169,0.1565095
2852.9000,0.1565830,0.1566241,0.1566196,0.1565236
2853.0000,0.1564685,0.1564904,0.1564997,0.1565341
2853.1000,0.1566230,0.1565780,0.1565996,0.1564825
2853.2000,0.1564540,0.1564374,0.1564487,0.1564361
2853.3000,0.1564695,0.1564499,0.1564487,0.1565341
2853.4000,0.1565850,0.1565539,0.1565424,0.1564523
2853.5000,0.1563605,0.1563629,0.1563680,0.1563626
2853.6000,0.1563050,0.1563197,0.1563288,0.1563916
2853.7000,0.1565045,0.1564582,0.1564624,0.1563816
2853.8000,0.1563425,0.1563260,0.1563320,0.1564002
2853.9000,0.1563600,0.1563585,0.1563354,0.1563734
2854.0000,0.1563590,0.1563475,0.1564125,0.1563815
2854.1000,0.1563620,0.1563410,0.1563485,0.1563554
2854.2000,0.1563440,0.1563223,0.1563303,0.1562799
2854.3000,0.1562525,0.1562702,0.1562905,0.1562949
2854.4000,0.1562715,0.1562901,0.1562743,0.1563247
2854.5000,0.1562665,0.1562419,0.1562545,0.1562915
2854.6000,0.1562850,0.1563162,0.1563714,0.1563052
2854.7000,0.1562350,0.1562325,0.1562457,0.1563642
2854.8000,0.1562585,0.1562644,0.1562560,0.1562731
2854.9000,0.1563205,0.1563354,0.1563035,0.1562253
2855.0000,0.1562705,0.1562275,0.1562180,0.1562312
2855.1000,0.1561265,0.1561475,0.1561462,0.1561380
2855.2000,0.1561580,0.1561327,0.1561282,0.1561309
2855.3000,0.1560905,0.1561049,0.1561000,0.1561190
2855.4000,0.1561030,0.1561281,0.1561127,0.1561047
2855.5000,0.1560675,0.1560817,0.1560832,0.1561033
2855.6000,0.1560870,0.1560798,0.1560877,0.1561303
2855.7000,0.1561750,0.1562138,0.1561956,0.1560914
2855.8000,0.1560030,0.1560341,0.1560332,0.1560422
2855.9000,0.1560390,0.1560136,0.1560657,0.1560185
2856.0000,0.1559370,0.1559531,0.1559512,0.1559432
2856.1000,0.1559310,0.1559600,0.1559297,0.1559469
2856.2000,0.1559050,0.1558966,0.1558957,0.1558979
2856.3000,0.1558560,0.1558826,0.1558936,0.1559081
2856.4000,0.1559865,0.1559183,0.1558953,0.1558989
2856.5000,0.1558845,0.1558887,0.1558725,0.1558810
2856.6000,0.1559095,0.1558703,0.1558719,0.1558984
2856.7000,0.1559860,0.1559885,0.1559673,0.1558863
2856.8000,0.1557815,0.1558146,0.1558247,0.1558406
2856.9000,0.1559235,0.1559004,0.1559012,0.1558501
2857.0000,0.1558140,0.1558163,0.1558163,0.1558373
2857.1000,0.1559140,0.1559634,0.1559380,0.1558397
2857.2000,0.1557845,0.1557832,0.1557790,0.1557906
2857.3000,0.1558180,0.1558028,0.1557983,0.1557792
2857.4000,0.1557290,0.1557509,0.1557371,0.1557446
2857.5000,0.1557275,0.1557504,0.1557493,0.1557651
2857.6000,0.1557400,0.1557553,0.1557549,0.1557388
2857.7000,0.1557400,0.1557414,0.1557535,0.1557455
2857.8000,0.1557520,0.1557239,0.1557600,0.1557157
2857.9000,0.1557060,0.1557187,0.1557446,0.1557380
2858.0000,0.1557595,0.1557662,0.1557657,0.1557549
2858.1000,0.1557705,0.1557913,0.1558115,0.1557163
2858.2000,0.1557590,0.1557079,0.1556970,0.1557589
2858.3000,0.1557450,0.1557380,0.1557337,0.1556953
2858.4000,0.1556715,0.1556697,0.1556768,0.1557091
2858.5000,0.1557980,0.1558035,0.1557891,0.1556779
2858.6000,0.1556095,0.1556218,0.1556257,0.1557156
2858.7000,0.1557210,0.1557229,0.1557575,0.1556848
2858.8000,0.1556380,0.1556102,0.1556193,0.1556492
2858.9000,0.1557130,0.1557273,0.1556993,0.1556036
2859.0000,0.1555620,0.1555924,0.1555878,0.1556104
2859.1000,0.1557095,0.1556983,0.1556941,0.1555709
2859.2000,0.1555225,0.1555105,0.1555290,0.1555242
2859.3000,0.1555215,0.1555277,0.1555195,0.1555244
2859.4000,0.1555120,0.1555195,0.1555393,0.1556162
2859.5000,0.1555445,0.1555503,0.1555432,0.1555711
2859.6000,0.1556210,0.1556204,0.1556171,0.1555709
2859.7000,0.1554504,0.1554482,0.1554489,0.1555090
2859.8000,0.1555615,0.1555591,0.1555654,0.1554847
2859.9000,0.1554870,0.1554539,0.1554751,0.1555020
2860.0000,0.1554669,0.1554573,0.1554560,0.1555267
2860.1000,0.1555330,0.1555642,0.1555432,0.1554542
2860.2000,0.1554549,0.1554655,0.1554467,0.1555041
2860.3000,0.1554007,0.1554382,0.1554413,0.1555196
2860.4000,0.1555285,0.1555353,0.1555249,0.1554601
2860.5000,0.1553887,0.1553660,0.1553470,0.1554544
2860.6000,0.1554965,0.1555047,0.1555150,0.1554766
2860.7000,0.1553385,0.1553677,0.1553712,0.1554057
2860.8000,0.1554945,0.1554874,0.1554929,0.1554179
2860.9000,0.1554033,0.1553787,0.1554409,0.1554666
2861.0000,0.1553541,0.1553618,0.1553586,0.1554498
2861.1000,0.1554418,0.1554693,0.1554451,0.1554177
2861.2000,0.1553370,0.1553652,0.1554060,0.1554666
2861.3000,0.1553330,0.1553318,0.1553504,0.1554508
2861.4000,0.1554619,0.1554491,0.1554596,0.1554075
2861.5000,0.1553370,0.1553187,0.1553190,0.1554262
2861.6000,0.1553169,0.1553071,0.1553062,0.1553734
2861.7000,0.1553877,0.1554079,0.1554082,0.1553120
2861.8000,0.1552111,0.1552212,0.1553118,0.1553673
2861.9000,0.1552116,0.1552164,0.1552001,0.1553103
2862.0000,0.1553239,0.1553182,0.1552978,0.1552084
2862.1000,0.1552156,0.1552115,0.1552205,0.1552754
2862.2000,0.1552532,0.1552494,0.1552512,0.1552340
2862.3000,0.1551015,0.1550888,0.1550784,0.1551768
2862.4000,0.1551710,0.1551628,0.1551413,0.1551788
2862.5000,0.1552507,0.1552407,0.1552462,0.1551385
2862.6000,0.1550545,0.1550371,0.1550534,0.1550647
2862.7000,0.1550625,0.1550613,0.1550719,0.1551231
2862.8000,0.1552111,0.1551916,0.1551797,0.1550939
2862.9000,0.1550950,0.1551114,0.1550928,0.1550994
2863.0000,0.1550250,0.1550578,0.1550498,0.1551512
2863.1000,0.1551675,0.1551713,0.1551898,0.1550961
2863.2000,0.1549610,0.1549689,0.1549656,0.1549776
2863.3000,0.1550405,0.1550319,0.1550332,0.1550183
2863.4000,0.1551135,0.1550888,0.1550372,0.1549651
2863.5000,0.1549630,0.1549637,0.1549606,0.1549972
2863.6000,0.1551125,0.1550710,0.1550669,0.1550265
2863.7000,0.1548955,0.1548792,0.1548748,0.1548898
2863.8000,0.1548780,0.1548864,0.1548680,0.1548812
2863.9000,0.1549455,0.1549297,0.1549486,0.1548286
2864.0000,0.1548155,0.1548052,0.1548063,0.1547903
2864.1000,0.1547380,0.1547463,0.1547560,0.1547480
2864.2000,0.1547445,0.1547413,0.1547532,0.1547089
2864.3000,0.1546685,0.1546550,0.1546559,0.1546591
2864.4000,0.1545835,0.1545838,0.1546106,0.1546159
2864.5000,0.1547605,0.1547337,0.1546691,0.1545655
2864.6000,0.1544825,0.1545045,0.1544943,0.1544998
2864.7000,0.1545380,0.1545328,0.1544983,0.1544184
2864.8000,0.1544355,0.1544129,0.1544056,0.1543895
2864.9000,0.1542990,0.1543154,0.1543203,0.1542969
2865.0000,0.1543040,0.1543015,0.1543102,0.1542436
2865.1000,0.1541235,0.1541226,0.1541479,0.1541397
2865.2000,0.1541590,0.1541589,0.1541524,0.1541286
2865.3000,0.1540945,0.1540881,0.1541044,0.1541170
2865.4000,0.1541185,0.1541109,0.1541094,0.1541082
2865.5000,0.1540500,0.1540602,0.1540751,0.1540786
2865.6000,0.1539990,0.1540127,0.1540322,0.1540247
2865.7000,0.1540075,0.1540147,0.1540198,0.1540181
2865.8000,0.1539560,0.1539452,0.1539649,0.1539555
2865.9000,0.1539075,0.1539076,0.1539067,0.1539236
2866.0000,0.1539410,0.1539392,0.1539658,0.1538974
2866.1000,0.1538470,0.1538467,0.1538521,0.1538403
2866.2000,0.1538170,0.1538553,0.1538539,0.1538175
2866.3000,0.1537549,0.1537605,0.1537665,0.1537574
2866.4000,0.1536807,0.1536716,0.1536756,0.1536604
2866.5000,0.1536591,0.1536530,0.1536374,0.1536120
2866.6000,0.1535999,0.1535848,0.1535655,0.1535803
2866.7000,0.1535622,0.1535753,0.1535640,0.1535456
2866.8000,0.1535246,0.1535087,0.1535186,0.1534915
2866.9000,0.1534165,0.1534249,0.1534183,0.1534213
2867.0000,0.1534275,0.1534315,0.1534221,0.1534241
2867.1000,0.1534090,0.1534309,0.1534275,0.1533625
2867.2000,0.1532770,0.1533231,0.1533402,0.1533139
2867.3000,0.1533100,0.1532999,0.1533006,0.1533191
2867.4000,0.1533580,0.1533430,0.1533345,0.1533181
2867.5000,0.1533585,0.1533732,0.1533765,0.1533826
2867.6000,0.1533880,0.1533808,0.1534021,0.1533850
2867.7000,0.1534140,0.1534384,0.1534497,0.1534309
2867.8000,0.1534345,0.1534629,0.1534671,0.1534677
2867.9000,0.1534740,0.1534623,0.1534566,0.1534803
2868.0000,0.1535482,0.1535173,0.1535177,0.1534936
2868.1000,0.1535683,0.1535812,0.1535614,0.1535478
2868.2000,0.1535517,0.1535199,0.1535262,0.1535853
2868.3000,0.1536149,0.1536204,0.1536282,0.1536634
2868.4000,0.1537174,0.1537042,0.1537147,0.1537244
2868.5000,0.1536937,0.1537002,0.1537036,0.1538038
2868.6000,0.1539025,0.1538671,0.1538620,0.1538839
2868.7000,0.1539615,0.1539394,0.1539581,0.1539856
2868.8000,0.1539965,0.1540031,0.1540112,0.1540752
2868.9000,0.1542810,0.1542600,0.1542245,0.1542686
2869.0000,0.1543450,0.1543411,0.1543645,0.1544680
2869.1000,0.1545030,0.1544868,0.1544882,0.1545407
2869.2000,0.1546015,0.1545891,0.1546299,0.1546918
2869.3000,0.1546725,0.1546785,0.1546929,0.1547492
2869.4000,0.1548520,0.1548722,0.1548902,0.1549033
2869.5000,0.1549315,0.1549100,0.1549209,0.1548711
2869.6000,0.1549480,0.1549452,0.1549476,0.1549347
2869.7000,0.1548275,0.1548573,0.1548695,0.1548755
2869.8000,0.1548785,0.1548610,0.1548474,0.1547961
2869.9000,0.1548760,0.1548552,0.1548289,0.1548141
2870.0000,0.1545950,0.1545706,0.1546649,0.1546886
2870.1000,0.1546555,0.1546621,0.1546253,0.1545654
2870.2000,0.1543715,0.1543708,0.1543897,0.1544785
2870.3000,0.1542015,0.1542349,0.1542109,0.1542993
2870.4000,0.1543400,0.1543247,0.1542958,0.1542217
2870.5000,0.1539670,0.1539762,0.1540039,0.1539973
2870.6000,0.1538640,0.1538622,0.1539042,0.1539128
2870.7000,0.1539115,0.1539451,0.1539221,0.1538516
2870.8000,0.1537719,0.1537642,0.1537541,0.1537431
2870.9000,0.1536682,0.1536840,0.1536897,0.1536812
2871.0000,0.1536551,0.1536580,0.1536657,0.1535945
2871.1000,0.1534420,0.1534778,0.1534840,0.1534956
2871.2000,0.1534580,0.1534643,0.1534851,0.1534637
2871.3000,0.1535006,0.1534741,0.1534551,0.1534398
2871.4000,0.1534385,0.1534310,0.1534344,0.1534303
2871.5000,0.1534285,0.1534292,0.1534019,0.1533480
2871.6000,0.1532465,0.1532346,0.1532713,0.1532849
2871.7000,0.1532645,0.1532793,0.1532661,0.1532880
2871.8000,0.1533345,0.1533214,0.1533170,0.1532583
2871.9000,0.1532095,0.1532380,0.1532371,0.1532312
2872.0000,0.1532195,0.1532262,0.1532288,0.1532568
2872.1000,0.1533530,0.1533101,0.1532836,0.1532804
2872.2000,0.1533230,0.1533371,0.1533472,0.1533563
2872.3000,0.1533950,0.1533982,0.1533903,0.1533642
2872.4000,0.1533635,0.1533670,0.1533565,0.1534043
2872.5000,0.1534335,0.1534382,0.1534292,0.1534598
2872.6000,0.1535282,0.1535219,0.1535277,0.1535062
2872.7000,0.1535126,0.1534925,0.1534977,0.1535138
2872.8000,0.1535974,0.1535976,0.1535813,0.1535769
2872.9000,0.1536611,0.1536800,0.1536803,0.1536703
2873.0000,0.1536531,0.1536430,0.1536547,0.1537018
2873.1000,0.1537319,0.1537364,0.1537361,0.1537736
2873.2000,0.1537369,0.1537539,0.1537569,0.1537579
2873.3000,0.1537945,0.1537621,0.1537648,0.1538176
2873.4000,0.1538935,0.1538726,0.1538699,0.1539103
2873.5000,0.1539470,0.1539495,0.1539445,0.1539840
2873.6000,0.1540590,0.1540811,0.1540593,0.1539924
2873.7000,0.1539760,0.1539554,0.1539338,0.1539367
2873.8000,0.1539380,0.1539286,0.1539183,0.1539600
2873.9000,0.1539865,0.1540264,0.1540530,0.1539673
2874.0000,0.1539435,0.1539502,0.1539497,0.1540138
2874.1000,0.1540200,0.1539989,0.1540025,0.1540745
2874.2000,0.1541295,0.1541231,0.1541318,0.1540968
2874.3000,0.1541175,0.1541082,0.1541313,0.1541839
2874.4000,0.1541340,0.1541415,0.1541319,0.1542179
2874.5000,0.1542740,0.1542710,0.1542522,0.1542522
2874.6000,0.1542915,0.1542903,0.1543611,0.1544086
2874.7000,0.1544825,0.1544731,0.1544922,0.1544876
2874.8000,0.1544255,0.1544366,0.1544404,0.1544600
2874.9000,0.1546050,0.1546298,0.1546357,0.1546178
2875.0000,0.1545480,0.1545911,0.1545978,0.1546145
2875.1000,0.1546260,0.1546092,0.1546011,0.1546305
2875.2000,0.1547035,0.1546725,0.1546634,0.1546584
2875.3000,0.1546775,0.1547162,0.1547139,0.1546819
2875.4000,0.1546185,0.1546184,0.1546448,0.1546803
2875.5000,0.1547395,0.1547587,0.1547712,0.1547750
2875.6000,0.1548065,0.1547925,0.1548049,0.1548024
2875.7000,0.1548455,0.1548107,0.1547896,0.1548122
2875.8000,0.1547335,0.1547247,0.1547691,0.1547949
2875.9000,0.1548900,0.1548718,0.1548854,0.1548626
2876.0000,0.1547860,0.1548260,0.1548139,0.1548596
2876.1000,0.1549110,0.1548985,0.1548764,0.1548832
2876.2000,0.1548940,0.1548648,0.1549047,0.1549049
2876.3000,0.1549260,0.1548994,0.1548939,0.1549098
2876.4000,0.1549785,0.1549716,0.1549576,0.1549569
2876.5000,0.1549595,0.1549375,0.1549602,0.1549840
2876.6000,0.1550410,0.1550263,0.1550193,0.1550208
2876.7000,0.1549945,0.1550318,0.1550166,0.1550142
2876.8000,0.1550180,0.1550057,0.1549918,0.1550200
2876.9000,0.1550880,0.1550504,0.1550796,0.1550790
2877.0000,0.1550450,0.1550586,0.1550811,0.1550692
2877.1000,0.1550470,0.1550507,0.1550589,0.1550326
2877.2000,0.1550460,0.1550494,0.1550451,0.1550433
2877.3000,0.1550720,0.1550855,0.1550765,0.1550934
2877.4000,0.1551135,0.1551161,0.1550846,0.1550912
2877.5000,0.1550735,0.1550681,0.1550714,0.1550640
2877.6000,0.1550540,0.1550575,0.1550831,0.1550829
2877.7000,0.1551000,0.1550683,0.1550890,0.1551108
2877.8000,0.1551310,0.1551613,0.1551551,0.1551350
2877.9000,0.1551685,0.1551429,0.1551407,0.1551507
2878.0000,0.1551465,0.1551648,0.1551679,0.1551355
2878.1000,0.1551205,0.1551343,0.1551305,0.1551278
2878.2000,0.1551235,0.1551370,0.1551349,0.1551535
2878.3000,0.1552021,0.1551464,0.1551253,0.1551405
2878.4000,0.1550940,0.1551147,0.1551218,0.1551233
2878.5000,0.1550955,0.1551153,0.1551327,0.1551371
2878.6000,0.1551415,0.1551328,0.1551172,0.1551203
2878.7000,0.1550790,0.1550707,0.1550873,0.1551553
2878.8000,0.1551590,0.1551865,0.1552041,0.1551911
2878.9000,0.1551846,0.1551945,0.1551952,0.1552012
2879.0000,0.1552337,0.1552232,0.1552956,0.1552262
2879.1000,0.1552332,0.1552462,0.1552418,0.1552289
2879.2000,0.1551731,0.1551919,0.1552010,0.1552321
2879.3000,0.1552557,0.1552455,0.1552428,0.1552421
2879.4000,0.1552663,0.1552911,0.1553109,0.1553157
2879.5000,0.1553400,0.1553725,0.1553207,0.1552835
2879.6000,0.1552497,0.1552363,0.1552550,0.1553261
2879.7000,0.1552999,0.1553071,0.1552772,0.1552711
2879.8000,0.1553390,0.1553242,0.1553254,0.1552955
2879.9000,0.1553475,0.1553535,0.1553282,0.1553910
2880.0000,0.1553129,0.1553084,0.1553050,0.1553739
2880.1000,0.1554483,0.1554256,0.1553895,0.1552822
2880.2000,0.1552838,0.1553049,0.1552861,0.1553259
2880.3000,0.1554218,0.1554269,0.1554274,0.1553367
2880.4000,0.1552607,0.1552862,0.1552950,0.1553718
2880.5000,0.1553988,0.1554399,0.1554201,0.1554278
2880.6000,0.1553526,0.1553398,0.1553501,0.1554293
2880.7000,0.1554749,0.1554618,0.1554697,0.1553680
2880.8000,0.1552853,0.1552886,0.1552785,0.1553504
2880.9000,0.1554393,0.1554191,0.1554087,0.1553881
2881.0000,0.1552798,0.1552983,0.1553006,0.1553979
2881.1000,0.1554849,0.1554814,0.1554446,0.1554369
2881.2000,0.1553771,0.1553952,0.1554136,0.1555298
2881.3000,0.1554268,0.1554323,0.1554127,0.1555021
2881.4000,0.1555270,0.1555589,0.1555610,0.1555124
2881.5000,0.1554544,0.1554502,0.1554423,0.1554963
2881.6000,0.1554789,0.1554602,0.1554741,0.1554296
2881.7000,0.1554068,0.1554303,0.1554456,0.1555229
2881.8000,0.1555690,0.1555583,0.1555262,0.1554625
2881.9000,0.1553871,0.1554464,0.1554886,0.1555193
2882.0000,0.1555345,0.1555205,0.1555059,0.1554647
2882.1000,0.1554383,0.1554115,0.1554278,0.1555114
2882.2000,0.1554207,0.1554053,0.1553912,0.1554795
2882.3000,0.1554549,0.1554946,0.1555108,0.1554899
2882.4000,0.1555225,0.1555222,0.1554876,0.1554823
2882.5000,0.1555435,0.1555198,0.1555628,0.1555751
2882.6000,0.1554393,0.1555205,0.1555515,0.1555569
2882.7000,0.1555490,0.1555651,0.1555734,0.1555107
2882.8000,0.1553907,0.1553907,0.1554626,0.1555279
2882.9000,0.1554599,0.1554809,0.1555234,0.1555454
2883.0000,0.1555815,0.1555902,0.1555860,0.1554934
2883.1000,0.1554323,0.1554675,0.1554822,0.1555448
2883.2000,0.1555890,0.1555417,0.1555252,0.1555022
2883.3000,0.1554178,0.1554170,0.1554658,0.1555156
2883.4000,0.1555815,0.1555601,0.1555425,0.1555047
2883.5000,0.1554408,0.1554255,0.1555010,0.1555310
2883.6000,0.1554639,0.1554777,0.1555060,0.1555191
2883.7000,0.1555385,0.1555051,0.1554941,0.1554703
2883.8000,0.1553902,0.1553624,0.1553722,0.1554400
2883.9000,0.1554789,0.1554723,0.1555316,0.1555211
2884.0000,0.1555214,0.1555119,0.1555181,0.1554949
2884.1000,0.1554478,0.1554480,0.1555161,0.1555581
2884.2000,0.1554649,0.1555324,0.1555409,0.1555527
2884.3000,0.1555600,0.1555374,0.1555315,0.1554837
2884.4000,0.1554523,0.1554311,0.1554458,0.1555421
2884.5000,0.1554348,0.1554567,0.1554895,0.1555228
2884.6000,0.1555780,0.1555507,0.1555427,0.1555636
2884.7000,0.1554098,0.1554142,0.1554412,0.1555475
2884.8000,0.1555875,0.1556109,0.1555959,0.1555890
2884.9000,0.1555905,0.1556384,0.1556244,0.1556195
2885.0000,0.1556380,0.1556356,0.1556327,0.1555638
2885.1000,0.1556380,0.1556355,0.1556226,0.1556115
2885.2000,0.1555990,0.1555918,0.1556199,0.1556171
2885.3000,0.1556235,0.1556517,0.1556573,0.1556156
2885.4000,0.1555800,0.1556406,0.1556379,0.1556711
2885.5000,0.1556245,0.1556578,0.1556513,0.1556319
2885.6000,0.1556580,0.1556419,0.1556191,0.1556136
2885.7000,0.1557425,0.1557420,0.1557296,0.1557108
2885.8000,0.1555220,0.1555608,0.1556275,0.1556800
2885.9000,0.1557265,0.1557159,0.1556886,0.1556698
2886.0000,0.1557350,0.1557195,0.1556729,0.1557074
2886.1000,0.1557585,0.1557324,0.1557444,0.1557418
2886.2000,0.1557745,0.1557290,0.1557273,0.1557339
2886.3000,0.1557185,0.1557460,0.1557663,0.1557654
2886.4000,0.1557820,0.1557941,0.1557982,0.1557789
2886.5000,0.1558100,0.1557956,0.1557723,0.1557028
2886.6000,0.1556785,0.1557235,0.1557080,0.1557124
2886.7000,0.1558010,0.1558184,0.1558230,0.1558045
2886.8000,0.1558170,0.1557854,0.1557711,0.1557482
2886.9000,0.1557395,0.1557282,0.1557481,0.1557348
2887.0000,0.1558050,0.1558117,0.1557999,0.1557770
2887.1000,0.1557485,0.1557686,0.1557543,0.1557553
2887.2000,0.1558990,0.1558500,0.1558406,0.1557889
2887.3000,0.1557265,0.1557375,0.1557523,0.1557518
2887.4000,0.1557290,0.1557498,0.1557488,0.1557606
2887.5000,0.1557520,0.1557546,0.1557779,0.1557712
2887.6000,0.1558005,0.1558272,0.1558119,0.1558050
2887.7000,0.1558235,0.1558347,0.1558049,0.1558270
2887.8000,0.1558445,0.1558716,0.1558780,0.1558502
2887.9000,0.1558425,0.1558051,0.1558162,0.1558442
2888.0000,0.1558090,0.1558425,0.1558619,0.1558483
2888.1000,0.1558370,0.1558420,0.1558366,0.1558322
2888.2000,0.1558470,0.1558730,0.1558777,0.1558743
2888.3000,0.1559295,0.1558860,0.1558568,0.1558900
2888.4000,0.1558680,0.1558549,0.1558528,0.1558758
2888.5000,0.1559515,0.1559182,0.1559228,0.1559278
2888.6000,0.1559375,0.1559133,0.1559018,0.1559356
2888.7000,0.1558180,0.1558435,0.1558945,0.1559191
2888.8000,0.1560320,0.1559910,0.1559889,0.1559801
2888.9000,0.1560285,0.1560457,0.1560251,0.1559508
2889.0000,0.1559695,0.1559782,0.1559712,0.1559743
2889.1000,0.1559525,0.1559919,0.1559571,0.1559532
2889.2000,0.1559525,0.1559458,0.1559571,0.1559874
2889.3000,0.1559930,0.1559906,0.1560101,0.1560178
2889.4000,0.1560470,0.1560191,0.1560076,0.1559836
2889.5000,0.1560705,0.1560732,0.1560563,0.1560274
2889.6000,0.1558775,0.1559446,0.1559357,0.1560046
2889.7000,0.1560390,0.1560124,0.1559773,0.1560402
2889.8000,0.1560875,0.1561106,0.1561005,0.1561237
2889.9000,0.1560705,0.1560642,0.1560544,0.1560598
2890.0000,0.1560295,0.1560517,0.1560517,0.1561183
2890.1000,0.1562390,0.1562539,0.1562251,0.1561852
2890.2000,0.1562125,0.1562163,0.1562005,0.1561562
2890.3000,0.1561800,0.1561350,0.1561231,0.1561795
2890.4000,0.1562335,0.1562554,0.1562519,0.1562787
2890.5000,0.1562475,0.1562406,0.1562251,0.1562821
2890.6000,0.1562985,0.1562932,0.1562750,0.1562948
2890.7000,0.1562055,0.1561848,0.1562305,0.1562613
2890.8000,0.1562315,0.1562735,0.1563092,0.1562981
2890.9000,0.1562670,0.1562629,0.1562274,0.1562687
2891.0000,0.1563205,0.1563113,0.1563116,0.1563113
2891.1000,0.1564290,0.1564172,0.1564283,0.1563862
2891.2000,0.1563745,0.1563249,0.1563243,0.1563344
2891.3000,0.1563785,0.1563919,0.1564266,0.1564419
2891.4000,0.1563185,0.1563274,0.1563562,0.1563719
2891.5000,0.1563120,0.1563509,0.1563755,0.1564141
2891.6000,0.1563950,0.1564402,0.1564567,0.1564628
2891.7000,0.1564265,0.1563941,0.1564083,0.1564146
2891.8000,0.1565170,0.1564537,0.1564172,0.1564025
2891.9000,0.1564370,0.1564584,0.1564011,0.1564493
2892.0000,0.1564435,0.1564492,0.1564504,0.1564568
2892.1000,0.1565240,0.1565356,0.1565296,0.1564909
2892.2000,0.1565125,0.1565020,0.1565028,0.1565194
2892.3000,0.1565225,0.1565253,0.1565269,0.1565297
2892.4000,0.1565310,0.1565512,0.1565579,0.1565352
2892.5000,0.1566395,0.1566053,0.1565813,0.1566848
2892.6000,0.1566090,0.1566083,0.1566071,0.1566769
2892.7000,0.1568370,0.1568148,0.1567789,0.1567002
2892.8000,0.1566845,0.1566606,0.1566798,0.1567349
2892.9000,0.1566675,0.1567466,0.1567758,0.1568261
2893.0000,0.1568340,0.1568425,0.1568527,0.1567931
2893.1000,0.1567600,0.1567475,0.1567568,0.1568161
2893.2000,0.1567750,0.1568084,0.1568428,0.1567564
2893.3000,0.1568365,0.1568314,0.1567966,0.1568744
2893.4000,0.1568855,0.1569122,0.1569127,0.1570114
2893.5000,0.1570458,0.1570582,0.1570099,0.1570494
2893.6000,0.1567415,0.1568004,0.1568531,0.1569517
2893.7000,0.1569906,0.1569499,0.1569676,0.1570455
2893.8000,0.1570037,0.1570684,0.1571307,0.1571269
2893.9000,0.1572026,0.1572206,0.1571563,0.1571508
2894.0000,0.1571128,0.1571141,0.1571218,0.1572421
2894.1000,0.1573299,0.1573355,0.1573490,0.1573222
2894.2000,0.1573644,0.1573211,0.1573335,0.1573167
2894.3000,0.1572933,0.1572991,0.1572654,0.1572942
2894.4000,0.1571450,0.1571809,0.1571469,0.1572112
2894.5000,0.1572988,0.1573201,0.1573126,0.1572997
2894.6000,0.1572873,0.1573236,0.1573128,0.1573074
2894.7000,0.1573659,0.1573507,0.1573492,0.1573630
2894.8000,0.1573679,0.1573752,0.1573844,0.1573727
2894.9000,0.1573659,0.1573920,0.1573804,0.1572619
2895.0000,0.1573779,0.1573680,0.1573580,0.1573489
2895.1000,0.1572787,0.1572959,0.1573154,0.1573338
2895.2000,0.1573534,0.1573632,0.1573566,0.1573024
2895.3000,0.1573178,0.1573276,0.1573343,0.1573331
2895.4000,0.1572888,0.1573060,0.1573104,0.1573355
2895.5000,0.1573258,0.1573223,0.1573488,0.1572913
2895.6000,0.1572782,0.1572867,0.1572856,0.1573302
2895.7000,0.1573093,0.1573308,0.1573192,0.1573225
2895.8000,0.1572983,0.1572912,0.1573003,0.1573335
2895.9000,0.1573373,0.1573237,0.1573237,0.1573076
2896.0000,0.1573594,0.1573676,0.1573421,0.1573159
2896.1000,0.1573368,0.1573564,0.1573052,0.1572846
2896.2000,0.1573153,0.1573144,0.1572961,0.1572876
2896.3000,0.1573518,0.1573462,0.1573169,0.1573448
2896.4000,0.1573764,0.1573647,0.1573436,0.1573389
2896.5000,0.1572732,0.1572645,0.1572777,0.1572954
2896.6000,0.1573544,0.1573346,0.1573406,0.1573263
2896.7000,0.1572908,0.1572997,0.1573077,0.1573058
2896.8000,0.1573188,0.1573337,0.1573229,0.1573102
2896.9000,0.1573243,0.1573350,0.1573363,0.1573266
2897.0000,0.1573233,0.1573382,0.1573236,0.1572833
2897.1000,0.1573634,0.1573564,0.1573579,0.1573477
2897.2000,0.1573414,0.1573206,0.1573104,0.1573079
2897.3000,0.1573213,0.1572865,0.1572806,0.1572642
2897.4000,0.1572687,0.1572808,0.1572892,0.1572838
2897.5000,0.1573203,0.1573008,0.1572963,0.1572931
2897.6000,0.1573353,0.1573092,0.1572951,0.1572703
2897.7000,0.1572828,0.1572892,0.1572720,0.1572735
2897.8000,0.1572678,0.1572726,0.1572637,0.1572564
2897.9000,0.1572462,0.1572721,0.1572751,0.1572660
2898.0000,0.1573354,0.1573543,0.1573428,0.1573412
2898.1000,0.1573348,0.1573237,0.1573264,0.1573015
2898.2000,0.1573168,0.1573260,0.1573123,0.1573295
2898.3000,0.1573424,0.1573180,0.1573191,0.1573165
2898.4000,0.1572998,0.1573171,0.1572783,0.1572751
2898.5000,0.1572787,0.1572971,0.1573024,0.1573102
2898.6000,0.1572908,0.1572932,0.1572976,0.1573244
2898.7000,0.1573339,0.1573407,0.1573178,0.1573413
2898.8000,0.1573489,0.1573447,0.1573412,0.1573510
2898.9000,0.1573774,0.1573714,0.1573472,0.1573253
2899.0000,0.1573774,0.1573920,0.1574079,0.1573711
2899.1000,0.1573969,0.1573793,0.1573793,0.1573899
2899.2000,0.1574069,0.1574105,0.1573862,0.1573821
2899.3000,0.1573053,0.1572937,0.1573046,0.1573244
2899.4000,0.1573163,0.1573011,0.1572927,0.1573570
2899.5000,0.1574129,0.1573889,0.1573992,0.1573964
2899.6000,0.1573514,0.1573721,0.1573500,0.1573313
2899.7000,0.1574034,0.1573778,0.1573886,0.1573991
2899.8000,0.1574190,0.1574200,0.1574249,0.1574263
2899.9000,0.1574154,0.1573986,0.1573890,0.1573701
2900.0000,0.1574350,0.1574584,0.1574467,0.1574360
